code,system
R95,icpc2
475431013,icpc2
H3...00,icpc2
475431013,icpc2
H3...00,icpc2
198471000000111,icpc2
1780380013,icpc2
199481000000116,icpc2
940161000006110,icpc2
967571000006116,icpc2
940141000006111,icpc2
1780381012,icpc2
189761000000117,icpc2
1856491000006119,icpc2
1484971019,icpc2
1484924013,icpc2
940151000006113,icpc2
XaJlT,icpc2
XaJlV,icpc2
XaIu7,icpc2
XaJlW,icpc2
XaJlU,icpc2
Y1f1b,icpc2
XaIRO,icpc2
XaIQT,icpc2
XaIu8,icpc2
XafhZ,icpc2
66YD.00,icpc2
66YB.00,icpc2
9Oi1.00,icpc2
9Oi2.00,icpc2
9Oi0.00,icpc2
66YS.00,icpc2
66YT.00,icpc2
9Oi3.00,icpc2
1780380013,icpc2
199481000000116,icpc2
1484924013,icpc2
189761000000117,icpc2
1780381012,icpc2
1484971019,icpc2
940161000006110,icpc2
967571000006116,icpc2
940151000006113,icpc2
1856491000006119,icpc2
198471000000111,icpc2
940141000006111,icpc2
66YT.00,icpc2
66YD.00,icpc2
66YS.00,icpc2
66YB.00,icpc2
9Oi1.00,icpc2
9Oi3.00,icpc2
9Oi0.00,icpc2
9Oi2.00,icpc2
1970601000006119,icpc2
1970581000006112,icpc2
1970561000006119,icpc2
1970591000006110,icpc2
1970541000006118,icpc2
4510801000006114,icpc2
216596014,icpc2
XaIND,icpc2
H3A..00,icpc2
216596014,icpc2
4510801000006114,icpc2
H3A..00,icpc2
1704531000006115,icpc2
967531000006119,icpc2
1704571000006117,icpc2
940131000006118,icpc2
XaJlS,icpc2
9kf0.00,icpc2
9Oi..00,icpc2
9kf2.00,icpc2
967531000006119,icpc2
940131000006118,icpc2
9Oi..00,icpc2
1856571000006116,icpc2
2152091000000112,icpc2
457168017,icpc2
1222335015,icpc2
2716351000006113,icpc2
2716231000006114,icpc2
909711000006111,icpc2
H3...,icpc2
X101k,icpc2
XaZ8t,icpc2
XaK8Q,icpc2
XaEIV,icpc2
H36..00,icpc2
8CMV.00,icpc2
H3z..11,icpc2
14B3.12,icpc2
1J71.00,icpc2
H31y000,icpc2
H320311,icpc2
2126F00,icpc2
1222335015,icpc2
457168017,icpc2
2716351000006113,icpc2
909711000006111,icpc2
2716231000006114,icpc2
H3z..11,icpc2
H36..00,icpc2
2423731000000115,icpc2
Xac8s,icpc2
66YB200,icpc2
2423731000000115,icpc2
66YB200,icpc2
4732991000006119,icpc2
907481000006118,icpc2
301459012,icpc2
4733011000006115,icpc2
105519017,icpc2
851261000006116,icpc2
285100019,icpc2
301444018,icpc2
4733021000006111,icpc2
285104011,icpc2
301458016,icpc2
301451010,icpc2
87480013,icpc2
4733031000006114,icpc2
4733001000006118,icpc2
508561017,icpc2
301457014,icpc2
301455018,icpc2
XE0ZN,icpc2
H3121,icpc2
H31..,icpc2
H31yz,icpc2
H31z.,icpc2
H31y1,icpc2
H31y.,icpc2
H3100,icpc2
H312z,icpc2
H310z,icpc2
H310.,icpc2
H31yz00,icpc2
14B3.11,icpc2
H312100,icpc2
H31z.00,icpc2
H300.00,icpc2
H302.00,icpc2
H31..00,icpc2
H30z.00,icpc2
H310.00,icpc2
H312z00,icpc2
H312011,icpc2
H312.00,icpc2
H31y.00,icpc2
H310z00,icpc2
H31y100,icpc2
H301.00,icpc2
4733001000006118,icpc2
301451010,icpc2
301457014,icpc2
4732991000006119,icpc2
285104011,icpc2
4733021000006111,icpc2
4733031000006114,icpc2
508561017,icpc2
851261000006116,icpc2
285100019,icpc2
301455018,icpc2
105519017,icpc2
4733011000006115,icpc2
301459012,icpc2
301458016,icpc2
H31z.00,icpc2
H312100,icpc2
H310.00,icpc2
H312z00,icpc2
H30z.00,icpc2
H31..00,icpc2
H310z00,icpc2
H312.00,icpc2
1834611000006117,icpc2
1865641000006112,icpc2
1494601017,icpc2
1856591000006115,icpc2
1488423019,icpc2
845451000006118,icpc2
XaIes,icpc2
66YL.00,icpc2
66YL.11,icpc2
66YL.12,icpc2
845451000006118,icpc2
1494601017,icpc2
1856591000006115,icpc2
1488423019,icpc2
66YL.11,icpc2
66YL.00,icpc2
66YL.12,icpc2
977891000006112,icpc2
XaK8R,icpc2
66Yd.00,icpc2
977891000006112,icpc2
66Yd.00,icpc2
1970551000006116,icpc2
H30..11,icpc2
2219861000000114,icpc2
1788021000006116,icpc2
8IEZ.00,icpc2
1856581000006118,icpc2
1856581000006118,icpc2
1970531000006111,icpc2
H310100,icpc2
3228311000006117,icpc2
H32y2,icpc2
3228331000006111,icpc2
9317341000006115,icpc2
9317331000006113,icpc2
2009451000006113,icpc2
2009451000006113,icpc2
2578881000006118,icpc2
2578881000006118,icpc2
305175014,icpc2
301539010,icpc2
1222334016,icpc2
301836011,icpc2
H3y..,icpc2
Hyu31,icpc2
H3y..00,icpc2
H3y..11,icpc2
H30..00,icpc2
Hyu3100,icpc2
301836011,icpc2
1222334016,icpc2
301539010,icpc2
Hyu3100,icpc2
H3y..11,icpc2
H3y..00,icpc2
1813881000006119,icpc2
9NgP.11,icpc2
1813881000006119,icpc2
161781000006116,icpc2
H32yz,icpc2
H32yz11,icpc2
1704561000006112,icpc2
1704551000006110,icpc2
XaPls,icpc2
9kf1.11,icpc2
9kf1.00,icpc2
1811741000006117,icpc2
1811661000006110,icpc2
839001000006111,icpc2
966841000006111,icpc2
1885981000006112,icpc2
2009511000006113,icpc2
XaJYf,icpc2
XaRCG,icpc2
XaYZO,icpc2
XaRCH,icpc2
XaYbA,icpc2
XaIUt,icpc2
661N300,icpc2
661M300,icpc2
8IEy.00,icpc2
66YI.00,icpc2
8CR1.00,icpc2
661M300,icpc2
8CR1.00,icpc2
661N300,icpc2
66YI.00,icpc2
1699821000006113,icpc2
301453013,icpc2
XaPzu,icpc2
H3122,icpc2
H312200,icpc2
14OX.00,icpc2
301453013,icpc2
H312200,icpc2
1970571000006114,icpc2
2716301000006114,icpc2
2716271000006112,icpc2
2716241000006116,icpc2
301545019,icpc2
990651000006112,icpc2
555471000006114,icpc2
2716341000006111,icpc2
H3z..,icpc2
H3z..00,icpc2
H3...11,icpc2
990651000006112,icpc2
555471000006114,icpc2
301545019,icpc2
H3z..00,icpc2
H3...11,icpc2
3955621000006112,icpc2
508562012,icpc2
H310000,icpc2
508562012,icpc2
1573111000000115,icpc2
XaW9D,icpc2
8BMW.00,icpc2
1704541000006113,icpc2
1656601000006119,icpc2
XaPZH,icpc2
9kf0.11,icpc2
1785171000006113,icpc2
1763751000006117,icpc2
XaXnt,icpc2
9e03.00,icpc2
4781461000006117,icpc2
4781461000006117,icpc2
990641000006110,icpc2
553211000006119,icpc2
XaY05,icpc2
X101i,icpc2
H3y0.,icpc2
Xa35l,icpc2
H3y1.,icpc2
H3y1.00,icpc2
H3y0.00,icpc2
8BMa000,icpc2
663K.00,icpc2
990641000006110,icpc2
553211000006119,icpc2
663K.00,icpc2
H3y0.00,icpc2
H3y1.00,icpc2
967581000006118,icpc2
XaJlY,icpc2
9Oi4.00,icpc2
967581000006118,icpc2
9Oi4.00,icpc2
299031000000110,icpc2
299001000000116,icpc2
XaKv9,icpc2
XaKv8,icpc2
66Yg.00,icpc2
66Yh.00,icpc2
299031000000110,icpc2
299001000000116,icpc2
66Yh.00,icpc2
66Yg.00,icpc2
1823851000006119,icpc2
1823851000006119,icpc2
2308511000000113,icpc2
1882371000006118,icpc2
XaavA,icpc2
2308511000000113,icpc2
1882371000006118,icpc2
977901000006111,icpc2
XaK8S,icpc2
66Ye.00,icpc2
977901000006111,icpc2
66Ye.00,icpc2
1724351000006112,icpc2
38Dd.00,icpc2
1813871000006117,icpc2
XaZ6U,icpc2
9NgP.00,icpc2
1813871000006117,icpc2
2160051010,icpc2
XaJFu,icpc2
8H2R.00,icpc2
2160051010,icpc2
8H2R.00,icpc2
2716291000006113,icpc2
2716261000006117,icpc2
396108018,icpc2
XE0YN,icpc2
H3203,icpc2
H320300,icpc2
396108018,icpc2
H320300,icpc2
1704581000006119,icpc2
XaPlu,icpc2
9kf2.11,icpc2
2199261000000110,icpc2
XaZee,icpc2
8CMW500,icpc2
2199261000000110,icpc2
8CMW500,icpc2
492443010,icpc2
11828571000006115,icpc2
X101m,icpc2
X102z,icpc2
X101l,icpc2
H312300,icpc2
1948051000006112,icpc2
Xac33,icpc2
H3B..00,icpc2
H3B..00,icpc2
939991000006112,icpc2
XaK8U,icpc2
66Yf.00,icpc2
66Yf.00,icpc2
X101o,icpc2
No found code,icpc2
Y1f94,icpc2
Xafhe,icpc2
Xafiu,icpc2
Xafir,icpc2
XaY0w,icpc2
8Hkw.00,icpc2
XaXzy,icpc2
8CeD.00,icpc2
XaLqj,icpc2
679V.00,icpc2
679V.00,icpc2
66Yn.00,icpc2
6639.12,icpc2
38Dg.00,icpc2
6639.00,icpc2
6639.11,icpc2
66Yj.00,icpc2
66Yl.00,icpc2
66Yk.00,icpc2
663E.00,icpc2
H34..00,icpc2
H34z.00,icpc2
8CE6.00,icpc2